{
  "classification_report": {
    "0": {
      "precision": 0.9155565222119515,
      "recall": 0.9052688172043011,
      "f1-score": 0.9103836068232813,
      "support": 18600.0
    },
    "1": {
      "precision": 0.9468380400675839,
      "recall": 0.9528465158645818,
      "f1-score": 0.9498327759197325,
      "support": 32935.0
    },
    "accuracy": 0.9356747841272921,
    "macro avg": {
      "precision": 0.9311972811397677,
      "recall": 0.9290576665344414,
      "f1-score": 0.9301081913715069,
      "support": 51535.0
    },
    "weighted avg": {
      "precision": 0.9355479220484754,
      "recall": 0.9356747841272921,
      "f1-score": 0.9355947911483344,
      "support": 51535.0
    }
  },
  "confusion_matrix": [
    [
      16838,
      1762
    ],
    [
      1553,
      31382
    ]
  ],
  "auc_score": 0.9881675318442484
}